{"RuleTriggered": 434, "Violations": 434, "Details": {"algo-1": {"gpu0": {"increase": 9.733333333333334, "gpu_max": 100.0, "p05": 0.0, "p25": 0.0, "p50": 0.0, "p75": 58.0, "p95": 98.79999999999973, "upper": 100.0, "lower": 0.0}}, "last_timestamp": 1681720500000000}, "Datapoints": 3313, "RuleParameters": "increase:5\npatience:1000\nwindow:10"}