{"RuleTriggered": 0, "Violations": 186, "Details": {"low_gpu_utilization": 2107, "bottlenecks": {"1681719001.500286": {"GPUs": 1, "CPUs": 1}, "1681719002.500324": {"GPUs": 1, "CPUs": 1}, "1681719003.500324": {"GPUs": 1, "CPUs": 1}, "1681719004.000299": {"GPUs": 1, "CPUs": 1}, "1681719005.000315": {"GPUs": 1, "CPUs": 1}, "1681719005.500288": {"GPUs": 1, "CPUs": 1}, "1681719006.000302": {"GPUs": 1, "CPUs": 1}, "1681719006.500322": {"GPUs": 1, "CPUs": 1}, "1681719007.000318": {"GPUs": 1, "CPUs": 1}, "1681719007.500297": {"GPUs": 1, "CPUs": 1}, "1681719008.000306": {"GPUs": 1, "CPUs": 1}, "1681719008.500312": {"GPUs": 1, "CPUs": 1}, "1681719010.5003": {"GPUs": 1, "CPUs": 1}, "1681719011.500324": {"GPUs": 1, "CPUs": 1}, "1681719025.500327": {"GPUs": 1, "CPUs": 1}, "1681719026.500311": {"GPUs": 1, "CPUs": 1}, "1681719027.000329": {"GPUs": 1, "CPUs": 1}, "1681719027.500335": {"GPUs": 1, "CPUs": 1}, "1681719028.000317": {"GPUs": 1, "CPUs": 1}, "1681719028.500313": {"GPUs": 1, "CPUs": 1}, "1681719029.000304": {"GPUs": 1, "CPUs": 1}, "1681719029.500344": {"GPUs": 1, "CPUs": 1}, "1681719030.000576": {"GPUs": 1, "CPUs": 1}, "1681719031.000304": {"GPUs": 1, "CPUs": 1}, "1681719031.500287": {"GPUs": 1, "CPUs": 1}, "1681719032.000304": {"GPUs": 1, "CPUs": 1}, "1681719033.000293": {"GPUs": 1, "CPUs": 1}, "1681719033.500287": {"GPUs": 1, "CPUs": 1}, "1681719034.000366": {"GPUs": 1, "CPUs": 1}, "1681719034.502049": {"GPUs": 1, "CPUs": 1}, "1681719036.000353": {"GPUs": 1, "CPUs": 1}, "1681719037.000331": {"GPUs": 1, "CPUs": 1}, "1681719037.500303": {"GPUs": 1, "CPUs": 1}, "1681719038.000312": {"GPUs": 1, "CPUs": 1}, "1681719039.000321": {"GPUs": 1, "CPUs": 1}, "1681719040.000326": {"GPUs": 1, "CPUs": 1}, "1681719041.500331": {"GPUs": 1, "CPUs": 1}, "1681719042.000287": {"GPUs": 1, "CPUs": 1}, "1681719042.500338": {"GPUs": 1, "CPUs": 1}, "1681719043.000325": {"GPUs": 1, "CPUs": 1}, "1681719043.500336": {"GPUs": 1, "CPUs": 1}, "1681719044.500348": {"GPUs": 1, "CPUs": 1}, "1681719045.000311": {"GPUs": 1, "CPUs": 1}, "1681719046.000301": {"GPUs": 1, "CPUs": 2}, "1681719046.500297": {"GPUs": 1, "CPUs": 1}, "1681719047.000338": {"GPUs": 1, "CPUs": 1}, "1681719047.500303": {"GPUs": 1, "CPUs": 1}, "1681719048.000327": {"GPUs": 1, "CPUs": 1}, "1681719048.500311": {"GPUs": 1, "CPUs": 2}, "1681719049.500315": {"GPUs": 1, "CPUs": 1}, "1681719050.500313": {"GPUs": 1, "CPUs": 1}, "1681719051.000341": {"GPUs": 1, "CPUs": 1}, "1681719053.000324": {"GPUs": 1, "CPUs": 2}, "1681719054.000328": {"GPUs": 1, "CPUs": 1}, "1681719054.500339": {"GPUs": 1, "CPUs": 1}, "1681719055.000329": {"GPUs": 1, "CPUs": 2}, "1681719055.500326": {"GPUs": 1, "CPUs": 1}, "1681719056.000289": {"GPUs": 1, "CPUs": 1}, "1681719056.500626": {"GPUs": 1, "CPUs": 1}, "1681719057.000336": {"GPUs": 1, "CPUs": 1}, "1681719058.000305": {"GPUs": 1, "CPUs": 1}, "1681719058.50032": {"GPUs": 1, "CPUs": 1}, "1681719059.000308": {"GPUs": 1, "CPUs": 1}, "1681719059.500306": {"GPUs": 1, "CPUs": 1}, "1681719060.500318": {"GPUs": 1, "CPUs": 1}, "1681719061.000323": {"GPUs": 1, "CPUs": 1}, "1681719061.500319": {"GPUs": 1, "CPUs": 1}, "1681719062.002357": {"GPUs": 1, "CPUs": 1}, "1681719063.500292": {"GPUs": 1, "CPUs": 1}, "1681719064.500307": {"GPUs": 1, "CPUs": 2}, "1681719065.000301": {"GPUs": 1, "CPUs": 1}, "1681719065.500319": {"GPUs": 1, "CPUs": 2}, "1681719066.000322": {"GPUs": 1, "CPUs": 1}, "1681719066.50032": {"GPUs": 1, "CPUs": 1}, "1681719241.000326": {"GPUs": 1, "CPUs": 1}, "1681719241.500334": {"GPUs": 1, "CPUs": 1}, "1681719243.000304": {"GPUs": 1, "CPUs": 1}, "1681719244.500309": {"GPUs": 1, "CPUs": 1}, "1681719245.500347": {"GPUs": 1, "CPUs": 1}, "1681719246.000332": {"GPUs": 1, "CPUs": 1}, "1681719246.500304": {"GPUs": 1, "CPUs": 1}, "1681719247.500312": {"GPUs": 1, "CPUs": 1}, "1681719248.500335": {"GPUs": 1, "CPUs": 1}, "1681719249.000334": {"GPUs": 1, "CPUs": 1}, "1681719249.500307": {"GPUs": 1, "CPUs": 1}, "1681719250.500296": {"GPUs": 1, "CPUs": 2}, "1681719252.000301": {"GPUs": 1, "CPUs": 1}, "1681719253.000311": {"GPUs": 1, "CPUs": 1}, "1681719253.500332": {"GPUs": 1, "CPUs": 1}, "1681719255.000285": {"GPUs": 1, "CPUs": 1}, "1681719256.000324": {"GPUs": 1, "CPUs": 1}, "1681719257.000335": {"GPUs": 1, "CPUs": 1}, "1681719257.500329": {"GPUs": 1, "CPUs": 2}, "1681719258.000309": {"GPUs": 1, "CPUs": 1}, "1681719259.000308": {"GPUs": 1, "CPUs": 1}, "1681719259.500311": {"GPUs": 1, "CPUs": 1}, "1681719260.000319": {"GPUs": 1, "CPUs": 1}, "1681719260.50033": {"GPUs": 1, "CPUs": 1}, "1681719261.000288": {"GPUs": 1, "CPUs": 2}, "1681719262.000306": {"GPUs": 1, "CPUs": 1}, "1681719262.500326": {"GPUs": 1, "CPUs": 1}, "1681719263.00031": {"GPUs": 1, "CPUs": 1}, "1681719263.500303": {"GPUs": 1, "CPUs": 2}, "1681719264.000302": {"GPUs": 1, "CPUs": 1}, "1681719265.000329": {"GPUs": 1, "CPUs": 1}, "1681719265.500312": {"GPUs": 1, "CPUs": 1}, "1681719266.000294": {"GPUs": 1, "CPUs": 1}, "1681719266.500299": {"GPUs": 1, "CPUs": 1}, "1681719267.000303": {"GPUs": 1, "CPUs": 2}, "1681719267.500332": {"GPUs": 1, "CPUs": 1}, "1681719268.000313": {"GPUs": 1, "CPUs": 1}, "1681719268.500317": {"GPUs": 1, "CPUs": 1}, "1681719270.000311": {"GPUs": 1, "CPUs": 1}, "1681719270.500301": {"GPUs": 1, "CPUs": 1}, "1681719271.000308": {"GPUs": 1, "CPUs": 1}, "1681719272.500298": {"GPUs": 1, "CPUs": 1}, "1681719273.000302": {"GPUs": 1, "CPUs": 2}, "1681719273.500324": {"GPUs": 1, "CPUs": 1}, "1681719274.000795": {"GPUs": 1, "CPUs": 1}, "1681719274.500298": {"GPUs": 1, "CPUs": 2}, "1681719275.000325": {"GPUs": 1, "CPUs": 1}, "1681719275.500396": {"GPUs": 1, "CPUs": 1}, "1681719276.000301": {"GPUs": 1, "CPUs": 1}, "1681719276.500318": {"GPUs": 1, "CPUs": 1}, "1681719277.000321": {"GPUs": 1, "CPUs": 1}, "1681719277.500309": {"GPUs": 1, "CPUs": 1}, "1681719278.000305": {"GPUs": 1, "CPUs": 1}, "1681719278.500305": {"GPUs": 1, "CPUs": 1}, "1681719279.000299": {"GPUs": 1, "CPUs": 1}, "1681720368.000353": {"GPUs": 1, "CPUs": 1}, "1681720368.500307": {"GPUs": 1, "CPUs": 1}, "1681720369.500344": {"GPUs": 1, "CPUs": 1}, "1681720370.00031": {"GPUs": 1, "CPUs": 1}, "1681720370.500311": {"GPUs": 1, "CPUs": 1}, "1681720372.000321": {"GPUs": 1, "CPUs": 2}, "1681720372.500305": {"GPUs": 1, "CPUs": 1}, "1681720373.000302": {"GPUs": 1, "CPUs": 1}, "1681720374.000758": {"GPUs": 1, "CPUs": 1}, "1681720375.500314": {"GPUs": 1, "CPUs": 1}, "1681720376.000303": {"GPUs": 1, "CPUs": 1}, "1681720376.50033": {"GPUs": 1, "CPUs": 1}, "1681720377.000339": {"GPUs": 1, "CPUs": 1}, "1681720377.500295": {"GPUs": 1, "CPUs": 1}, "1681720378.500331": {"GPUs": 1, "CPUs": 1}, "1681720379.000318": {"GPUs": 1, "CPUs": 1}, "1681720379.500308": {"GPUs": 1, "CPUs": 1}, "1681720381.000332": {"GPUs": 1, "CPUs": 1}, "1681720381.5003": {"GPUs": 1, "CPUs": 1}, "1681720384.00138": {"GPUs": 1, "CPUs": 1}, "1681720384.500338": {"GPUs": 1, "CPUs": 1}, "1681720385.000331": {"GPUs": 1, "CPUs": 1}, "1681720385.500319": {"GPUs": 1, "CPUs": 1}, "1681720386.500314": {"GPUs": 1, "CPUs": 2}, "1681720387.000315": {"GPUs": 1, "CPUs": 2}, "1681720387.500328": {"GPUs": 1, "CPUs": 1}, "1681720388.000312": {"GPUs": 1, "CPUs": 1}, "1681720388.50034": {"GPUs": 1, "CPUs": 1}, "1681720389.000321": {"GPUs": 1, "CPUs": 1}, "1681720389.500305": {"GPUs": 1, "CPUs": 1}, "1681720390.000307": {"GPUs": 1, "CPUs": 2}, "1681720390.500299": {"GPUs": 1, "CPUs": 1}, "1681720392.000292": {"GPUs": 1, "CPUs": 1}, "1681720392.500285": {"GPUs": 1, "CPUs": 2}, "1681720393.000296": {"GPUs": 1, "CPUs": 1}, "1681720393.500284": {"GPUs": 1, "CPUs": 2}, "1681720394.000336": {"GPUs": 1, "CPUs": 1}, "1681720394.500299": {"GPUs": 1, "CPUs": 1}, "1681720395.00032": {"GPUs": 1, "CPUs": 1}, "1681720396.000308": {"GPUs": 1, "CPUs": 1}, "1681720397.00034": {"GPUs": 1, "CPUs": 1}, "1681720397.500315": {"GPUs": 1, "CPUs": 1}, "1681720398.000315": {"GPUs": 1, "CPUs": 1}, "1681720399.500324": {"GPUs": 1, "CPUs": 2}, "1681720400.000302": {"GPUs": 1, "CPUs": 2}, "1681720400.50031": {"GPUs": 1, "CPUs": 1}, "1681720401.000305": {"GPUs": 1,